type,n,failure_rate,delay_rate,avg_processing_secs
TRANSFER,15970,0.008766437069505322,0.09204758922980588,59.57075767063244
CASH_OUT,67119,0.0017133747523056064,0.09308839523830809,60.242956539876936
PAYMENT,64357,0.0,0.09181596407539196,59.935251798561154
CASH_IN,42222,0.0,0.09151627113826914,60.05089763630335
DEBIT,1211,0.0,0.06771263418662263,58.52601156069364
